id,name,email,lifetime_value,successful_payment_count,failed_payment_count,average_payment_delay_days,created_at
CUST-1001,Ananya Sharma,ananya.sharma1@enterprise.org,72382.18,16,1,3.3,2025-10-23T13:16:03.950149
CUST-1002,Vikram Kulkarni,vikram.kulkarni2@acme.io,12786.76,7,1,1.1,2025-09-24T13:16:03.985399
CUST-1003,Rohan Banerjee,rohan.banerjee3@yahoo.com,180424.81,36,3,1.1,2025-10-01T13:16:03.985399
CUST-1004,Rahul Sharma,rahul.sharma4@yahoo.com,176044.15,23,2,0.8,2026-02-07T13:16:03.985399
CUST-1005,Ananya Gupta,ananya.gupta5@acme.io,28695.51,24,4,1.3,2026-07-07T13:16:03.985399
CUST-1006,Nitin Banerjee,nitin.banerjee6@gmail.com,243413.36,26,0,2.5,2025-09-11T13:16:03.985399
CUST-1007,Swati Chawla,swati.chawla7@techcorp.in,52110.7,6,0,3.0,2026-03-03T13:16:03.985399
CUST-1008,Vikram Nair,vikram.nair8@gmail.com,98130.93,31,5,3.8,2026-05-07T13:16:03.985399
CUST-1009,Pooja Chawla,pooja.chawla9@yahoo.com,169192.92,45,5,0.4,2025-09-07T13:16:03.985399
CUST-1010,Sneha Banerjee,sneha.banerjee10@enterprise.org,64978.68,31,3,1.3,2025-09-05T13:16:03.985399
CUST-1011,Nisha Nair,nisha.nair11@enterprise.org,84449.27,5,1,3.7,2026-02-18T13:16:03.985399
CUST-1012,Arjun Kapoor,arjun.kapoor12@gmail.com,56690.8,38,5,1.5,2025-08-28T13:16:03.985399
CUST-1013,Ritu Bhat,ritu.bhat13@enterprise.org,117418.7,18,1,1.2,2025-10-15T13:16:03.985399
CUST-1014,Nisha Kapoor,nisha.kapoor14@enterprise.org,148223.57,39,3,1.7,2026-05-20T13:16:03.985399
CUST-1015,Gaurav Saxena,gaurav.saxena15@gmail.com,190166.63,9,1,2.9,2025-12-25T13:16:03.985399
CUST-1016,Swati Gupta,swati.gupta16@acme.io,98496.73,31,4,1.2,2025-10-19T13:16:03.985399
CUST-1017,Rohan Patel,rohan.patel17@enterprise.org,221773.17,19,5,1.6,2026-03-01T13:16:03.985399
CUST-1018,Kavya Joshi,kavya.joshi18@acme.io,5795.1,18,4,3.5,2025-11-12T13:16:03.985399
CUST-1019,Ananya Singh,ananya.singh19@enterprise.org,129377.41,14,1,1.7,2026-05-08T13:16:03.985399
CUST-1020,Nisha Trivedi,nisha.trivedi20@gmail.com,151741.42,33,0,0.6,2026-01-25T13:16:03.985399
CUST-1021,Meera Nair,meera.nair21@gmail.com,64013.54,38,0,0.5,2025-11-23T13:16:03.988755
CUST-1022,Vikram Banerjee,vikram.banerjee22@yahoo.com,36455.91,32,4,0.8,2025-11-01T13:16:03.988755
CUST-1023,Swati Deshmukh,swati.deshmukh23@yahoo.com,232583.81,14,5,1.5,2025-08-31T13:16:03.988755
CUST-1024,Pooja Agarwal,pooja.agarwal24@techcorp.in,115614.1,17,1,0.4,2026-07-19T13:16:03.988755
CUST-1025,Manish Banerjee,manish.banerjee25@yahoo.com,149167.83,2,0,3.2,2026-06-29T13:16:03.988755
CUST-1026,Divya Gupta,divya.gupta26@gmail.com,215610.67,6,4,1.1,2025-11-23T13:16:03.988755
CUST-1027,Karan Banerjee,karan.banerjee27@yahoo.com,182221.38,38,4,2.2,2025-11-29T13:16:03.988755
CUST-1028,Kavya Rao,kavya.rao28@gmail.com,28748.05,29,2,2.0,2025-12-02T13:16:03.988755
CUST-1029,Priya Patel,priya.patel29@gmail.com,103642.21,23,0,1.2,2026-04-23T13:16:03.988755
CUST-1030,Nisha Agarwal,nisha.agarwal30@yahoo.com,108361.0,19,3,1.2,2026-06-21T13:16:03.988755
CUST-1031,Nitin Banerjee,nitin.banerjee31@gmail.com,17394.14,36,0,4.4,2026-03-30T13:16:03.988755
CUST-1032,Sneha Deshmukh,sneha.deshmukh32@acme.io,122932.81,27,0,0.8,2026-07-28T13:16:03.988755
CUST-1033,Arjun Kapoor,arjun.kapoor33@acme.io,74886.06,37,5,3.3,2026-05-11T13:16:03.988755
CUST-1034,Karan Singh,karan.singh34@yahoo.com,242333.79,39,5,2.5,2026-02-19T13:16:03.988755
CUST-1035,Priya Verma,priya.verma35@techcorp.in,121813.19,35,1,0.4,2025-11-11T13:16:03.988755
CUST-1036,Vikram Joshi,vikram.joshi36@gmail.com,150783.6,45,1,1.9,2025-10-11T13:16:03.988755
CUST-1037,Divya Kulkarni,divya.kulkarni37@techcorp.in,14736.71,7,3,3.0,2025-10-13T13:16:03.988755
CUST-1038,Gaurav Reddy,gaurav.reddy38@outlook.com,55043.5,22,1,1.3,2026-05-23T13:16:03.988755
CUST-1039,Meera Agarwal,meera.agarwal39@outlook.com,232609.49,6,0,2.1,2025-10-14T13:16:03.988755
CUST-1040,Ananya Gupta,ananya.gupta40@techcorp.in,57222.81,18,1,4.2,2026-06-24T13:16:03.988755
CUST-1041,Divya Chawla,divya.chawla41@outlook.com,43647.97,36,5,1.4,2025-08-29T13:16:03.988755
CUST-1042,Gaurav Sharma,gaurav.sharma42@enterprise.org,205190.51,21,5,0.6,2026-05-22T13:16:03.988755
CUST-1043,Rahul Patel,rahul.patel43@gmail.com,186892.09,11,2,1.3,2026-04-13T13:16:03.988755
CUST-1044,Siddharth Rao,siddharth.rao44@enterprise.org,160388.3,18,4,2.2,2026-07-03T13:16:03.988755
CUST-1045,Vikram Deshmukh,vikram.deshmukh45@outlook.com,15801.26,23,1,2.9,2026-03-17T13:16:03.988755
CUST-1046,Sneha Agarwal,sneha.agarwal46@techcorp.in,177888.52,37,0,0.6,2026-05-14T13:16:03.988755
CUST-1047,Nisha Verma,nisha.verma47@outlook.com,147714.84,11,3,0.7,2026-02-22T13:16:03.988755
CUST-1048,Pooja Verma,pooja.verma48@outlook.com,56468.75,17,5,0.6,2025-10-16T13:16:03.988755
CUST-1049,Kavya Iyer,kavya.iyer49@enterprise.org,42865.57,17,1,4.4,2026-04-30T13:16:03.988755
CUST-1050,Kavya Sharma,kavya.sharma50@yahoo.com,185458.3,23,3,3.6,2026-03-24T13:16:03.988755
CUST-1051,Rahul Joshi,rahul.joshi51@enterprise.org,31483.43,4,3,1.1,2025-12-06T13:16:03.988755
CUST-1052,Pooja Singh,pooja.singh52@yahoo.com,59616.27,44,1,1.9,2026-03-09T13:16:03.988755
CUST-1053,Vikram Kapoor,vikram.kapoor53@outlook.com,162163.03,27,5,4.4,2025-10-28T13:16:03.988755
CUST-1054,Siddharth Sharma,siddharth.sharma54@gmail.com,219874.41,18,1,2.7,2026-03-16T13:16:03.988755
CUST-1055,Priya Patel,priya.patel55@techcorp.in,111468.12,22,3,2.8,2025-11-10T13:16:03.988755
CUST-1056,Ananya Bhat,ananya.bhat56@techcorp.in,51569.3,4,5,2.0,2025-11-05T13:16:03.988755
CUST-1057,Nisha Rao,nisha.rao57@outlook.com,110667.86,44,2,2.8,2026-05-27T13:16:03.988755
CUST-1058,Meera Trivedi,meera.trivedi58@outlook.com,168388.76,22,3,3.2,2025-10-19T13:16:03.988755
CUST-1059,Amit Rao,amit.rao59@acme.io,167907.71,26,5,3.4,2026-05-01T13:16:03.988755
CUST-1060,Swati Kulkarni,swati.kulkarni60@outlook.com,104488.42,2,2,1.4,2025-12-21T13:16:03.988755
CUST-1061,Manish Iyer,manish.iyer61@enterprise.org,83951.06,30,3,3.1,2025-11-10T13:16:03.988755
CUST-1062,Ritu Joshi,ritu.joshi62@enterprise.org,25774.91,34,5,2.9,2026-02-08T13:16:03.988755
CUST-1063,Vikram Nair,vikram.nair63@enterprise.org,81052.77,14,1,0.2,2026-03-26T13:16:03.988755
CUST-1064,Ritu Iyer,ritu.iyer64@gmail.com,116576.96,42,4,1.0,2026-01-14T13:16:03.988755
CUST-1065,Ritu Bhat,ritu.bhat65@yahoo.com,41154.98,2,0,3.5,2026-04-08T13:16:03.988755
CUST-1066,Sneha Trivedi,sneha.trivedi66@acme.io,17303.5,17,0,2.1,2025-12-04T13:16:03.988755
CUST-1067,Gaurav Banerjee,gaurav.banerjee67@techcorp.in,82738.0,30,4,3.7,2025-11-13T13:16:03.988755
CUST-1068,Kavya Banerjee,kavya.banerjee68@acme.io,224815.99,32,3,1.2,2026-03-25T13:16:03.988755
CUST-1069,Rahul Trivedi,rahul.trivedi69@acme.io,158553.37,19,3,0.4,2026-03-05T13:16:03.988755
CUST-1070,Divya Kapoor,divya.kapoor70@outlook.com,83328.84,36,0,0.7,2026-04-02T13:16:03.988755
CUST-1071,Arjun Mehta,arjun.mehta71@enterprise.org,57418.45,28,3,1.6,2025-12-03T13:16:03.988755
CUST-1072,Kavya Verma,kavya.verma72@yahoo.com,209058.34,26,4,4.3,2026-07-19T13:16:03.988755
CUST-1073,Manish Bhat,manish.bhat73@acme.io,6444.54,24,2,3.4,2025-12-27T13:16:03.988755
CUST-1074,Nisha Banerjee,nisha.banerjee74@techcorp.in,224963.78,33,1,1.3,2025-11-23T13:16:03.988755
CUST-1075,Rohan Bhat,rohan.bhat75@outlook.com,168874.04,27,5,0.8,2025-12-02T13:16:03.988755
CUST-1076,Amit Iyer,amit.iyer76@techcorp.in,11606.78,27,4,2.6,2026-07-16T13:16:03.988755
CUST-1077,Vikram Deshmukh,vikram.deshmukh77@yahoo.com,217378.58,13,0,1.2,2026-02-12T13:16:03.988755
CUST-1078,Karan Agarwal,karan.agarwal78@outlook.com,87687.63,26,2,3.4,2025-12-26T13:16:03.988755
CUST-1079,Rahul Gupta,rahul.gupta79@acme.io,9748.91,36,0,4.5,2026-01-31T13:16:03.988755
CUST-1080,Divya Gupta,divya.gupta80@enterprise.org,14863.24,3,1,1.0,2026-07-19T13:16:03.988755
CUST-1081,Swati Mehta,swati.mehta81@yahoo.com,35924.14,44,0,2.6,2026-04-09T13:16:03.988755
CUST-1082,Nitin Kapoor,nitin.kapoor82@outlook.com,46108.34,40,5,3.3,2026-05-07T13:16:03.988755
CUST-1083,Meera Patel,meera.patel83@techcorp.in,11291.21,21,4,3.1,2026-01-18T13:16:03.988755
CUST-1084,Arjun Rao,arjun.rao84@gmail.com,150063.98,42,1,0.5,2026-02-25T13:16:03.988755
CUST-1085,Swati Patel,swati.patel85@techcorp.in,196745.66,24,4,2.0,2026-01-21T13:16:03.988755
CUST-1086,Vikram Trivedi,vikram.trivedi86@enterprise.org,88601.64,28,3,0.6,2026-01-25T13:16:03.988755
CUST-1087,Nitin Mehta,nitin.mehta87@acme.io,48153.56,35,5,1.3,2025-10-27T13:16:03.988755
CUST-1088,Ritu Agarwal,ritu.agarwal88@acme.io,207304.98,39,2,1.5,2026-03-26T13:16:03.988755
CUST-1089,Vikram Kapoor,vikram.kapoor89@acme.io,64746.54,31,4,2.8,2026-01-16T13:16:03.988755
CUST-1090,Siddharth Sharma,siddharth.sharma90@acme.io,213483.44,13,3,1.0,2026-03-19T13:16:03.988755
CUST-1091,Siddharth Kapoor,siddharth.kapoor91@techcorp.in,176790.02,19,4,0.1,2026-04-23T13:16:03.988755
CUST-1092,Vikram Nair,vikram.nair92@enterprise.org,104574.89,37,1,3.1,2025-09-02T13:16:03.988755
CUST-1093,Ritu Agarwal,ritu.agarwal93@gmail.com,27798.07,16,3,3.1,2026-02-23T13:16:03.988755
CUST-1094,Manish Chawla,manish.chawla94@acme.io,140600.87,24,3,4.5,2025-10-21T13:16:03.988755
CUST-1095,Siddharth Chawla,siddharth.chawla95@enterprise.org,116167.59,21,2,1.1,2026-04-22T13:16:03.988755
CUST-1096,Siddharth Patel,siddharth.patel96@enterprise.org,136286.67,13,1,1.1,2025-11-24T13:16:03.988755
CUST-1097,Rahul Kulkarni,rahul.kulkarni97@techcorp.in,151213.73,8,1,1.4,2026-01-26T13:16:03.988755
CUST-1098,Sneha Singh,sneha.singh98@gmail.com,178464.53,10,2,0.3,2026-07-02T13:16:03.988755
CUST-1099,Nisha Singh,nisha.singh99@enterprise.org,236301.96,42,3,0.6,2026-07-23T13:16:03.988755
CUST-1100,Manish Singh,manish.singh100@acme.io,122284.98,23,1,4.3,2026-03-22T13:16:03.988755
CUST-1101,Ritu Patel,ritu.patel101@gmail.com,103173.32,6,4,2.9,2026-07-02T13:16:03.988755
CUST-1102,Amit Mehta,amit.mehta102@techcorp.in,237535.78,7,1,0.6,2025-12-28T13:16:03.988755
CUST-1103,Swati Iyer,swati.iyer103@techcorp.in,60293.35,35,3,2.1,2025-12-15T13:16:03.988755
CUST-1104,Meera Kulkarni,meera.kulkarni104@acme.io,79818.16,41,0,2.8,2026-06-09T13:16:03.988755
CUST-1105,Karan Rao,karan.rao105@outlook.com,166804.89,12,1,0.9,2026-06-21T13:16:03.990767
CUST-1106,Sneha Sharma,sneha.sharma106@acme.io,115373.41,40,3,1.4,2026-04-02T13:16:03.990767
CUST-1107,Meera Singh,meera.singh107@enterprise.org,215603.65,6,5,1.1,2026-03-16T13:16:03.990767
CUST-1108,Manish Rao,manish.rao108@acme.io,33120.19,16,5,0.8,2026-03-15T13:16:03.990767
CUST-1109,Amit Gupta,amit.gupta109@gmail.com,45651.08,21,4,3.4,2025-10-11T13:16:03.990767
CUST-1110,Meera Agarwal,meera.agarwal110@gmail.com,119831.0,21,5,1.9,2026-03-12T13:16:03.990767
CUST-1111,Gaurav Banerjee,gaurav.banerjee111@acme.io,112250.92,40,0,4.0,2026-02-14T13:16:03.990767
CUST-1112,Swati Kapoor,swati.kapoor112@gmail.com,27375.09,45,4,2.7,2026-07-19T13:16:03.990767
CUST-1113,Rahul Kulkarni,rahul.kulkarni113@gmail.com,191961.71,13,3,2.4,2025-12-15T13:16:03.990767
CUST-1114,Rahul Joshi,rahul.joshi114@techcorp.in,111791.82,33,0,2.2,2026-01-01T13:16:03.990767
CUST-1115,Siddharth Reddy,siddharth.reddy115@enterprise.org,30626.97,12,2,1.9,2025-11-18T13:16:03.990767
CUST-1116,Meera Bhat,meera.bhat116@techcorp.in,13990.8,7,2,1.2,2026-05-31T13:16:03.990767
CUST-1117,Arjun Trivedi,arjun.trivedi117@gmail.com,166126.79,36,3,1.9,2026-04-24T13:16:03.990767
CUST-1118,Gaurav Chawla,gaurav.chawla118@techcorp.in,190328.57,42,3,3.4,2026-04-16T13:16:03.990767
CUST-1119,Rahul Banerjee,rahul.banerjee119@yahoo.com,232279.83,30,5,2.2,2026-07-15T13:16:03.990767
CUST-1120,Swati Nair,swati.nair120@enterprise.org,43802.65,37,0,2.5,2026-06-12T13:16:03.990767
CUST-1121,Divya Patel,divya.patel121@acme.io,237029.88,43,1,2.3,2026-03-02T13:16:03.990767
CUST-1122,Gaurav Kapoor,gaurav.kapoor122@acme.io,209507.37,32,1,2.1,2026-05-16T13:16:03.990767
CUST-1123,Arjun Rao,arjun.rao123@techcorp.in,129519.02,10,0,1.3,2025-12-29T13:16:03.990767
CUST-1124,Siddharth Trivedi,siddharth.trivedi124@outlook.com,206034.62,20,5,1.4,2025-10-02T13:16:03.990767
CUST-1125,Manish Saxena,manish.saxena125@yahoo.com,114404.11,32,2,1.6,2025-10-24T13:16:03.990767
CUST-1126,Arjun Agarwal,arjun.agarwal126@outlook.com,218052.41,17,4,1.8,2025-12-31T13:16:03.990767
CUST-1127,Priya Reddy,priya.reddy127@enterprise.org,120879.18,26,3,4.4,2025-08-30T13:16:03.990767
CUST-1128,Amit Saxena,amit.saxena128@gmail.com,35930.34,39,2,3.9,2025-12-16T13:16:03.990767
CUST-1129,Ananya Trivedi,ananya.trivedi129@acme.io,8760.16,11,3,3.9,2026-05-11T13:16:03.990767
CUST-1130,Vikram Saxena,vikram.saxena130@outlook.com,87947.5,27,5,0.5,2026-02-11T13:16:03.990767
CUST-1131,Nisha Bhat,nisha.bhat131@outlook.com,158565.8,33,4,0.3,2026-06-24T13:16:03.990767
CUST-1132,Divya Singh,divya.singh132@yahoo.com,187957.76,29,0,3.4,2026-06-08T13:16:03.990767
CUST-1133,Nitin Joshi,nitin.joshi133@enterprise.org,78369.19,3,0,1.5,2026-07-01T13:16:03.990767
CUST-1134,Meera Chawla,meera.chawla134@outlook.com,110518.26,17,4,1.9,2026-04-28T13:16:03.990767
CUST-1135,Sneha Joshi,sneha.joshi135@gmail.com,154325.49,26,4,3.1,2025-11-17T13:16:03.990767
CUST-1136,Manish Mehta,manish.mehta136@yahoo.com,117981.73,18,3,1.2,2026-07-25T13:16:03.990767
CUST-1137,Nitin Singh,nitin.singh137@enterprise.org,138916.54,6,3,4.3,2025-10-02T13:16:03.990767
CUST-1138,Meera Deshmukh,meera.deshmukh138@enterprise.org,66274.06,21,1,4.5,2025-11-24T13:16:03.990767
CUST-1139,Ananya Nair,ananya.nair139@acme.io,145121.06,38,2,4.5,2026-02-28T13:16:03.990767
CUST-1140,Rohan Bhat,rohan.bhat140@outlook.com,6984.0,45,5,4.4,2025-09-22T13:16:03.990767
CUST-1141,Ritu Singh,ritu.singh141@yahoo.com,153730.92,24,1,2.9,2025-09-15T13:16:03.990767
CUST-1142,Rahul Mehta,rahul.mehta142@enterprise.org,28805.16,42,5,0.3,2025-12-16T13:16:03.990767
CUST-1143,Priya Kulkarni,priya.kulkarni143@outlook.com,184428.14,7,2,1.5,2025-12-29T13:16:03.990767
CUST-1144,Sneha Rao,sneha.rao144@yahoo.com,197695.64,25,4,2.3,2026-03-12T13:16:03.990767
CUST-1145,Sneha Kapoor,sneha.kapoor145@acme.io,242009.1,20,5,3.9,2026-06-01T13:16:03.990767
CUST-1146,Nitin Gupta,nitin.gupta146@yahoo.com,189767.12,16,5,3.3,2026-01-07T13:16:03.990767
CUST-1147,Nisha Chawla,nisha.chawla147@gmail.com,198717.08,2,2,2.5,2025-12-09T13:16:03.990767
CUST-1148,Pooja Kapoor,pooja.kapoor148@techcorp.in,98351.25,42,2,0.6,2026-04-01T13:16:03.990767
CUST-1149,Ritu Sharma,ritu.sharma149@techcorp.in,221637.54,37,2,4.1,2026-04-07T13:16:03.990767
CUST-1150,Vikram Agarwal,vikram.agarwal150@enterprise.org,79036.59,28,0,0.7,2026-07-10T13:16:03.990767
CUST-1151,Meera Saxena,meera.saxena151@gmail.com,28812.04,36,1,1.8,2026-01-21T13:16:03.990767
CUST-1152,Nisha Deshmukh,nisha.deshmukh152@techcorp.in,186855.91,11,3,3.0,2025-11-21T13:16:03.990767
CUST-1153,Swati Deshmukh,swati.deshmukh153@outlook.com,13015.49,25,1,2.1,2026-03-31T13:16:03.990767
CUST-1154,Pooja Patel,pooja.patel154@enterprise.org,94997.06,43,2,0.4,2026-03-10T13:16:03.990767
CUST-1155,Karan Patel,karan.patel155@acme.io,27459.99,15,5,2.9,2026-07-19T13:16:03.990767
CUST-1156,Priya Reddy,priya.reddy156@yahoo.com,247261.12,38,1,0.4,2025-10-19T13:16:03.990767
CUST-1157,Karan Kulkarni,karan.kulkarni157@yahoo.com,204197.98,16,2,3.5,2025-09-27T13:16:03.990767
CUST-1158,Rohan Kapoor,rohan.kapoor158@yahoo.com,246944.19,36,2,3.6,2026-06-03T13:16:03.990767
CUST-1159,Rohan Mehta,rohan.mehta159@gmail.com,92769.36,17,4,1.5,2026-05-01T13:16:03.990767
CUST-1160,Rahul Verma,rahul.verma160@yahoo.com,186720.92,35,0,3.4,2025-11-28T13:16:03.990767
CUST-1161,Nitin Chawla,nitin.chawla161@techcorp.in,150448.17,30,4,1.1,2025-09-18T13:16:03.990767
CUST-1162,Priya Trivedi,priya.trivedi162@outlook.com,117220.42,3,0,4.5,2026-01-05T13:16:03.990767
CUST-1163,Kavya Patel,kavya.patel163@acme.io,179538.32,30,0,4.1,2026-02-15T13:16:03.990767
CUST-1164,Swati Mehta,swati.mehta164@gmail.com,35916.94,41,5,2.7,2026-02-13T13:16:03.990767
CUST-1165,Arjun Iyer,arjun.iyer165@techcorp.in,77249.95,34,4,2.0,2026-06-01T13:16:03.990767
CUST-1166,Nisha Rao,nisha.rao166@acme.io,115630.95,16,3,1.6,2025-12-09T13:16:03.990767
CUST-1167,Arjun Deshmukh,arjun.deshmukh167@enterprise.org,28296.03,29,2,3.0,2026-01-19T13:16:03.990767
CUST-1168,Amit Saxena,amit.saxena168@gmail.com,27350.07,7,0,2.0,2026-01-20T13:16:03.990767
CUST-1169,Amit Banerjee,amit.banerjee169@gmail.com,148683.95,37,4,1.6,2026-05-28T13:16:03.990767
CUST-1170,Kavya Chawla,kavya.chawla170@enterprise.org,235576.82,29,5,0.3,2026-03-04T13:16:03.990767
CUST-1171,Swati Singh,swati.singh171@outlook.com,30382.14,34,1,0.8,2025-11-25T13:16:03.990767
CUST-1172,Divya Patel,divya.patel172@outlook.com,212116.49,25,0,3.5,2025-10-09T13:16:03.990767
CUST-1173,Divya Deshmukh,divya.deshmukh173@techcorp.in,243763.92,41,4,3.1,2025-10-17T13:16:03.990767
CUST-1174,Rohan Iyer,rohan.iyer174@enterprise.org,208217.89,19,0,0.9,2026-02-21T13:16:03.990767
CUST-1175,Siddharth Chawla,siddharth.chawla175@gmail.com,49444.36,11,4,3.0,2026-06-24T13:16:03.990767
CUST-1176,Amit Sharma,amit.sharma176@gmail.com,187797.38,15,3,1.9,2026-02-05T13:16:03.990767
CUST-1177,Sneha Chawla,sneha.chawla177@outlook.com,181791.01,38,4,0.5,2026-07-03T13:16:03.990767
CUST-1178,Amit Joshi,amit.joshi178@techcorp.in,17191.81,7,2,2.0,2025-12-24T13:16:03.990767
CUST-1179,Ritu Iyer,ritu.iyer179@acme.io,106475.02,15,4,0.6,2025-12-21T13:16:03.990767
CUST-1180,Ananya Singh,ananya.singh180@enterprise.org,171229.13,33,4,3.0,2026-07-06T13:16:03.990767
CUST-1181,Divya Bhat,divya.bhat181@techcorp.in,18421.58,15,2,4.3,2026-05-20T13:16:03.990767
CUST-1182,Rahul Singh,rahul.singh182@outlook.com,34396.16,33,5,2.0,2026-05-24T13:16:03.990767
CUST-1183,Arjun Banerjee,arjun.banerjee183@enterprise.org,61377.13,37,5,3.6,2026-06-23T13:16:03.990767
CUST-1184,Arjun Verma,arjun.verma184@acme.io,9591.68,6,2,2.6,2025-10-09T13:16:03.990767
CUST-1185,Arjun Deshmukh,arjun.deshmukh185@outlook.com,33217.48,3,2,0.9,2025-09-16T13:16:03.990767
CUST-1186,Nitin Chawla,nitin.chawla186@gmail.com,111994.39,8,1,2.0,2026-01-05T13:16:03.990767
CUST-1187,Gaurav Gupta,gaurav.gupta187@acme.io,218278.48,23,1,1.6,2026-05-04T13:16:03.990767
CUST-1188,Vikram Trivedi,vikram.trivedi188@enterprise.org,32936.53,34,1,4.1,2026-02-01T13:16:03.990767
CUST-1189,Pooja Mehta,pooja.mehta189@yahoo.com,30187.11,18,1,0.9,2026-05-12T13:16:03.990767
CUST-1190,Vikram Joshi,vikram.joshi190@enterprise.org,126058.67,38,4,2.1,2025-10-13T13:16:03.990767
CUST-1191,Swati Reddy,swati.reddy191@enterprise.org,82454.03,30,0,2.2,2025-09-09T13:16:03.990767
CUST-1192,Meera Kapoor,meera.kapoor192@techcorp.in,18762.17,34,0,1.5,2025-12-10T13:16:03.990767
CUST-1193,Priya Verma,priya.verma193@outlook.com,208765.67,6,5,3.9,2026-06-13T13:16:03.990767
CUST-1194,Swati Iyer,swati.iyer194@techcorp.in,99198.21,39,4,4.3,2026-07-08T13:16:03.990767
CUST-1195,Nitin Kulkarni,nitin.kulkarni195@enterprise.org,51118.67,40,3,2.3,2026-06-28T13:16:03.990767
CUST-1196,Nitin Patel,nitin.patel196@outlook.com,245684.47,7,4,2.9,2026-07-09T13:16:03.990767
CUST-1197,Divya Agarwal,divya.agarwal197@acme.io,133396.8,41,1,1.7,2026-03-07T13:16:03.990767
CUST-1198,Arjun Deshmukh,arjun.deshmukh198@outlook.com,171329.94,5,5,2.9,2026-06-26T13:16:03.990767
CUST-1199,Siddharth Patel,siddharth.patel199@techcorp.in,171202.94,20,2,3.3,2025-09-24T13:16:03.990767
CUST-1200,Amit Reddy,amit.reddy200@gmail.com,147771.18,11,2,1.5,2025-08-28T13:16:03.990767
CUST-1201,Arjun Mehta,arjun.mehta201@techcorp.in,178664.33,7,2,2.6,2025-09-03T13:16:03.990767
CUST-1202,Siddharth Mehta,siddharth.mehta202@enterprise.org,177193.56,45,4,0.5,2025-12-25T13:16:03.990767
CUST-1203,Gaurav Chawla,gaurav.chawla203@gmail.com,93836.43,13,1,1.6,2025-11-23T13:16:03.990767
CUST-1204,Karan Nair,karan.nair204@yahoo.com,42961.57,20,0,2.3,2025-10-26T13:16:03.990767
CUST-1205,Gaurav Verma,gaurav.verma205@enterprise.org,87507.27,41,1,2.7,2026-05-12T13:16:03.990767
CUST-1206,Sneha Joshi,sneha.joshi206@enterprise.org,193918.96,12,5,2.0,2025-12-31T13:16:03.990767
CUST-1207,Pooja Nair,pooja.nair207@acme.io,154595.88,30,1,2.4,2026-02-21T13:16:03.990767
CUST-1208,Ritu Rao,ritu.rao208@outlook.com,171185.17,38,3,2.1,2026-03-07T13:16:03.990767
CUST-1209,Arjun Trivedi,arjun.trivedi209@techcorp.in,107571.9,12,1,3.6,2026-05-20T13:16:03.990767
CUST-1210,Rahul Verma,rahul.verma210@enterprise.org,122744.71,25,4,4.2,2025-11-07T13:16:03.990767
CUST-1211,Ananya Singh,ananya.singh211@gmail.com,191963.62,19,3,4.1,2026-05-15T13:16:03.990767
CUST-1212,Kavya Gupta,kavya.gupta212@yahoo.com,205092.3,24,0,1.9,2026-01-08T13:16:03.990767
CUST-1213,Gaurav Chawla,gaurav.chawla213@yahoo.com,99610.7,7,2,1.1,2026-02-16T13:16:03.990767
CUST-1214,Ananya Reddy,ananya.reddy214@yahoo.com,38711.9,20,3,3.2,2026-05-19T13:16:03.992776
CUST-1215,Ritu Agarwal,ritu.agarwal215@techcorp.in,6286.54,7,0,1.2,2026-05-14T13:16:03.992776
CUST-1216,Nisha Iyer,nisha.iyer216@techcorp.in,108697.42,20,1,1.4,2026-07-05T13:16:03.992776
CUST-1217,Divya Deshmukh,divya.deshmukh217@enterprise.org,199505.28,31,0,0.6,2025-11-16T13:16:03.992776
CUST-1218,Swati Banerjee,swati.banerjee218@gmail.com,159828.96,38,1,3.3,2026-03-02T13:16:03.992776
CUST-1219,Kavya Sharma,kavya.sharma219@techcorp.in,91439.93,38,3,0.9,2026-06-16T13:16:03.992776
CUST-1220,Gaurav Chawla,gaurav.chawla220@gmail.com,238583.9,36,4,3.6,2025-11-12T13:16:03.992776
CUST-1221,Nisha Sharma,nisha.sharma221@acme.io,218966.2,4,5,1.8,2026-01-19T13:16:03.992776
CUST-1222,Rahul Sharma,rahul.sharma222@outlook.com,198187.4,24,1,3.3,2025-09-11T13:16:03.992776
CUST-1223,Ananya Kulkarni,ananya.kulkarni223@enterprise.org,190386.34,10,0,1.7,2026-02-06T13:16:03.992776
CUST-1224,Sneha Agarwal,sneha.agarwal224@enterprise.org,122240.14,13,1,0.4,2025-12-07T13:16:03.992776
CUST-1225,Priya Singh,priya.singh225@yahoo.com,15732.54,14,0,1.5,2026-02-21T13:16:03.992776
CUST-1226,Gaurav Bhat,gaurav.bhat226@techcorp.in,120982.94,4,5,0.9,2026-01-28T13:16:03.992776
CUST-1227,Priya Reddy,priya.reddy227@outlook.com,35496.38,25,3,4.0,2025-12-16T13:16:03.992776
CUST-1228,Arjun Reddy,arjun.reddy228@yahoo.com,126569.79,33,2,4.2,2025-11-06T13:16:03.992776
CUST-1229,Rahul Gupta,rahul.gupta229@enterprise.org,109002.42,29,4,4.5,2026-04-28T13:16:03.992776
CUST-1230,Nisha Singh,nisha.singh230@outlook.com,30136.49,22,5,1.4,2025-12-13T13:16:03.992776
CUST-1231,Swati Deshmukh,swati.deshmukh231@yahoo.com,173992.38,24,3,0.3,2026-01-30T13:16:03.992776
CUST-1232,Swati Deshmukh,swati.deshmukh232@outlook.com,161669.98,5,0,3.1,2026-01-03T13:16:03.992776
CUST-1233,Pooja Trivedi,pooja.trivedi233@enterprise.org,171455.6,3,1,3.8,2025-12-17T13:16:03.992776
CUST-1234,Priya Mehta,priya.mehta234@gmail.com,62818.87,43,2,1.7,2025-10-12T13:16:03.992776
CUST-1235,Priya Iyer,priya.iyer235@yahoo.com,171370.2,25,2,2.1,2026-06-20T13:16:03.992776
CUST-1236,Manish Mehta,manish.mehta236@techcorp.in,94902.74,22,5,1.3,2026-06-01T13:16:03.992776
CUST-1237,Rohan Joshi,rohan.joshi237@acme.io,131847.59,37,0,1.3,2026-03-18T13:16:03.992776
CUST-1238,Nitin Rao,nitin.rao238@techcorp.in,74966.34,33,1,0.6,2026-06-22T13:16:03.992776
CUST-1239,Nitin Joshi,nitin.joshi239@enterprise.org,114052.24,7,5,4.4,2026-02-16T13:16:03.992776
CUST-1240,Pooja Gupta,pooja.gupta240@techcorp.in,137831.98,21,1,3.2,2025-09-06T13:16:03.992776
CUST-1241,Sneha Chawla,sneha.chawla241@techcorp.in,59939.2,14,1,1.1,2025-11-19T13:16:03.992776
CUST-1242,Rohan Chawla,rohan.chawla242@techcorp.in,145207.96,31,4,0.7,2026-06-15T13:16:03.992776
CUST-1243,Vikram Singh,vikram.singh243@acme.io,249900.79,32,4,1.9,2026-01-01T13:16:03.992776
CUST-1244,Manish Gupta,manish.gupta244@yahoo.com,243233.03,43,0,2.1,2025-11-07T13:16:03.992776
CUST-1245,Pooja Mehta,pooja.mehta245@techcorp.in,161749.51,13,1,2.0,2026-07-01T13:16:03.992776
CUST-1246,Ananya Trivedi,ananya.trivedi246@yahoo.com,79510.51,12,2,4.2,2026-04-05T13:16:03.992776
CUST-1247,Pooja Trivedi,pooja.trivedi247@outlook.com,212253.76,18,1,2.9,2025-10-20T13:16:03.992776
CUST-1248,Rahul Mehta,rahul.mehta248@enterprise.org,79192.03,36,0,2.3,2026-05-04T13:16:03.992776
CUST-1249,Manish Kulkarni,manish.kulkarni249@yahoo.com,46944.15,41,5,4.1,2026-02-07T13:16:03.992776
CUST-1250,Manish Verma,manish.verma250@gmail.com,24899.6,43,4,1.3,2026-04-13T13:16:03.992776
CUST-1251,Manish Deshmukh,manish.deshmukh251@techcorp.in,161552.84,33,5,2.5,2025-09-04T13:16:03.992776
CUST-1252,Meera Saxena,meera.saxena252@yahoo.com,202148.6,45,3,1.4,2026-06-22T13:16:03.992776
CUST-1253,Priya Joshi,priya.joshi253@acme.io,106827.33,31,1,1.6,2026-05-17T13:16:03.992776
CUST-1254,Siddharth Reddy,siddharth.reddy254@enterprise.org,247065.73,24,3,0.7,2026-01-21T13:16:03.992776
CUST-1255,Gaurav Banerjee,gaurav.banerjee255@gmail.com,83183.39,31,0,1.3,2026-03-25T13:16:03.992776
CUST-1256,Amit Patel,amit.patel256@gmail.com,76101.94,26,4,1.9,2026-05-09T13:16:03.992776
CUST-1257,Siddharth Kulkarni,siddharth.kulkarni257@enterprise.org,81615.16,12,3,4.5,2025-12-02T13:16:03.992776
CUST-1258,Ritu Singh,ritu.singh258@acme.io,10678.19,27,4,2.1,2026-03-28T13:16:03.992776
CUST-1259,Karan Kulkarni,karan.kulkarni259@outlook.com,16921.24,20,3,2.7,2025-08-29T13:16:03.992776
CUST-1260,Ritu Singh,ritu.singh260@techcorp.in,7003.46,8,3,0.7,2026-03-16T13:16:03.992776
CUST-1261,Pooja Bhat,pooja.bhat261@outlook.com,16084.39,5,4,2.6,2026-01-25T13:16:03.992776
CUST-1262,Nisha Singh,nisha.singh262@gmail.com,99655.46,30,4,1.3,2025-09-13T13:16:03.992776
CUST-1263,Swati Patel,swati.patel263@yahoo.com,243895.29,27,2,3.6,2026-02-06T13:16:03.992776
CUST-1264,Nisha Chawla,nisha.chawla264@yahoo.com,53769.18,34,3,2.3,2026-07-06T13:16:03.992776
CUST-1265,Priya Mehta,priya.mehta265@enterprise.org,86594.97,32,4,2.1,2025-09-22T13:16:03.992776
CUST-1266,Gaurav Mehta,gaurav.mehta266@outlook.com,233185.34,22,1,1.8,2025-09-17T13:16:03.992776
CUST-1267,Meera Kulkarni,meera.kulkarni267@outlook.com,129292.17,34,4,2.3,2025-10-14T13:16:03.992776
CUST-1268,Meera Saxena,meera.saxena268@gmail.com,95247.66,45,0,4.4,2025-10-04T13:16:03.992776
CUST-1269,Meera Sharma,meera.sharma269@techcorp.in,121274.6,43,4,2.6,2026-07-03T13:16:03.992776
CUST-1270,Manish Saxena,manish.saxena270@yahoo.com,133436.92,41,3,0.8,2026-03-27T13:16:03.992776
CUST-1271,Priya Kulkarni,priya.kulkarni271@enterprise.org,31924.4,3,3,1.5,2026-05-13T13:16:03.992776
CUST-1272,Kavya Rao,kavya.rao272@acme.io,127945.78,41,3,3.9,2026-06-28T13:16:03.992776
CUST-1273,Amit Trivedi,amit.trivedi273@yahoo.com,142417.26,44,3,2.4,2026-02-19T13:16:03.992776
CUST-1274,Sneha Agarwal,sneha.agarwal274@techcorp.in,88870.12,24,5,3.5,2025-09-03T13:16:03.992776
CUST-1275,Rahul Iyer,rahul.iyer275@acme.io,52104.72,17,2,2.6,2026-04-05T13:16:03.992776
CUST-1276,Meera Singh,meera.singh276@enterprise.org,55783.06,33,2,2.2,2025-10-16T13:16:03.992776
CUST-1277,Rahul Singh,rahul.singh277@gmail.com,145501.82,36,3,4.0,2026-01-08T13:16:03.992776
CUST-1278,Pooja Mehta,pooja.mehta278@outlook.com,15306.29,7,2,4.2,2025-08-28T13:16:03.992776
CUST-1279,Rahul Saxena,rahul.saxena279@yahoo.com,54506.66,36,2,4.2,2026-03-12T13:16:03.992776
CUST-1280,Amit Patel,amit.patel280@techcorp.in,186518.29,17,1,0.3,2025-10-31T13:16:03.992776
CUST-1281,Divya Nair,divya.nair281@gmail.com,29548.5,23,5,2.2,2026-05-20T13:16:03.992776
CUST-1282,Rohan Banerjee,rohan.banerjee282@yahoo.com,104692.33,32,3,3.0,2026-03-04T13:16:03.992776
CUST-1283,Siddharth Singh,siddharth.singh283@enterprise.org,19494.83,7,5,2.6,2025-10-29T13:16:03.992776
CUST-1284,Priya Joshi,priya.joshi284@acme.io,221150.02,13,0,4.5,2026-01-07T13:16:03.992776
CUST-1285,Ritu Joshi,ritu.joshi285@enterprise.org,240722.19,20,0,0.1,2025-10-12T13:16:03.992776
CUST-1286,Swati Patel,swati.patel286@outlook.com,74717.6,43,4,2.4,2026-05-22T13:16:03.992776
CUST-1287,Gaurav Agarwal,gaurav.agarwal287@outlook.com,52238.79,9,2,0.8,2025-12-07T13:16:03.992776
CUST-1288,Rahul Joshi,rahul.joshi288@gmail.com,185471.38,20,4,3.1,2026-04-22T13:16:03.992776
CUST-1289,Sneha Iyer,sneha.iyer289@enterprise.org,224775.48,29,4,1.5,2026-01-05T13:16:03.992776
CUST-1290,Ananya Joshi,ananya.joshi290@yahoo.com,121976.25,17,0,1.2,2026-03-31T13:16:03.992776
CUST-1291,Nitin Kapoor,nitin.kapoor291@outlook.com,78976.73,38,0,1.3,2026-01-26T13:16:03.992776
CUST-1292,Divya Verma,divya.verma292@enterprise.org,33965.09,21,1,1.9,2025-11-14T13:16:03.992776
CUST-1293,Meera Patel,meera.patel293@enterprise.org,229451.94,20,2,2.8,2026-04-08T13:16:03.992776
CUST-1294,Amit Saxena,amit.saxena294@yahoo.com,116469.77,40,2,1.9,2025-10-21T13:16:03.992776
CUST-1295,Ritu Banerjee,ritu.banerjee295@enterprise.org,207272.86,17,5,3.4,2026-06-18T13:16:03.992776
CUST-1296,Gaurav Agarwal,gaurav.agarwal296@techcorp.in,177422.7,6,4,0.6,2025-10-22T13:16:03.992776
CUST-1297,Gaurav Rao,gaurav.rao297@techcorp.in,136481.74,12,2,3.9,2025-12-15T13:16:03.992776
CUST-1298,Ananya Rao,ananya.rao298@enterprise.org,147871.18,7,4,2.1,2026-07-01T13:16:03.992776
CUST-1299,Nitin Mehta,nitin.mehta299@techcorp.in,106779.02,38,0,2.6,2026-02-22T13:16:03.992776
CUST-1300,Rohan Bhat,rohan.bhat300@outlook.com,205031.04,15,4,0.4,2025-12-25T13:16:03.992776
